{"1": [220840000.0, 554120000.0, 513437999.99999994, 81242000.0, 251340000.0, 549568000.0, 311782000.0, 100554000.0, 77429000.0, 282395000.0, 278286000.0, 399615000.0, 935047000.0, 346911000.0, 830468000.0, 199706000.0, 200030000.0, 299639000.0, 641960000.0, 257459000.0, 540277000.0, 201832000.0, 86602000.0, 540819000.0, 229332000.0, 22000.0, 545160000.0, 23000.0, 201314000.0, 20000.0, 7000.0, 209950000.0, 48144000.0, 225124000.0, 22000.0, 533401000.0, 82511000.0, 531861000.0, 228818000.0, 23000.0, 38477000.0, 123747000.0, 141890000.0, 21000.0, 663954000.0, 542050000.0, 555450000.0, 573376000.0, 293429000.0, 671324000.0, 238470000.0, 199457000.0, 555208000.0, 212507000.0, 210435000.0, 527544000.0, 9330000.0, 197628000.0, 193111000.0, 192104000.0, 501604999.99999994, 68257000.0, 531023000.0, 553756000.0, 23000.0, 572821000.0, 24000.0, 53770000.0, 197978000.0, 20000.0, 480652000.0, 22000.0, 8000.0, 7000.0, 6000.0, 519781000.00000006, 279062000.0, 228547000.0, 530895000.0, 625613000.0, 217160000.0, 24000.0, 8000.0, 54342000.0, 113440000.0, 24000.0, 236018000.0, 128418000.0, 184582000.0, 23000.0, 8000.0, 79856000.0, 21000.0, 212659000.0, 22000.0, 8000.0, 498550000.0, 181185000.0, 199617000.0, 192349000.0], "2": [3595000.0, 3224000.0, 2699000.0, 3577000.0, 2222000.0, 2197000.0, 2504000.0, 562161000.0, 3275000.0, 4113999.9999999995, 108932000.0, 2630000.0, 2635000.0, 1667000.0, 2484000.0, 2016000.0, 2657000.0, 2834000.0, 2963000.0, 2680000.0, 202681000.0, 2467000.0, 2471000.0, 2164000.0, 2094000.0, 235264000.0, 3140000.0, 2635000.0, 4496000.0, 532894000.0, 186589000.0, 196257000.0, 5423000.0, 3030000.0, 3149000.0, 3630000.0, 3002000.0, 3712000.0, 2729000.0, 82903000.0, 2143000.0, 2965000.0, 2361000.0, 2030000.0000000002, 2922000.0, 2379000.0, 3240000.0, 2615000.0, 3175000.0, 3038000.0, 2011000.0000000002, 2040000.0000000002, 2953000.0, 2867000.0, 2116000.0, 2789000.0, 2810000.0, 1954000.0, 3186000.0, 1913000.0, 2793000.0, 3310000.0, 2121000.0, 2001000.0000000002, 3219000.0, 5178000.0, 2860000.0, 3707000.0, 3566000.0, 2511000.0, 517692000.00000006, 3382000.0, 2986000.0, 3028000.0, 17578000.0, 3497000.0, 71133000.0, 65193000.0, 3062000.0, 2047000.0000000002, 4326000.0, 520725000.0, 2606000.0, 3559000.0, 239677000.0, 2655000.0, 2142000.0, 3199000.0, 3537000.0, 513904000.0, 190094000.0, 3026000.0, 2318000.0, 6114000.0, 3099000.0, 3305000.0, 500417000.0, 3371000.0, 2347000.0, 2997000.0], "3": [206555000.0, 3299000.0, 212227000.0, 3695000.0, 2260000.0, 482218000.0, 2488000.0, 2179000.0, 2304000.0, 3113000.0, 190068000.0, 230756000.0, 500461000.00000006, 496204000.0, 77747000.0, 95528000.0, 210221000.0, 3363000.0, 185219000.0, 24482000.0, 22000.0, 4021000.0000000005, 2884000.0, 201623000.0, 222838000.0, 203560000.0, 2404000.0, 14507000.0, 200950000.0, 109245000.0, 21000.0, 578723000.0, 538678000.0, 226329000.0, 3449000.0, 11581000.0, 606013000.0, 548969000.0, 514331000.0, 6329000.0, 4228000.0, 538639000.0, 24813000.0, 208953000.0, 3323000.0, 2115000.0, 208383000.0, 3116000.0, 2402000.0, 545253000.0, 198567000.0, 216901000.0, 2884000.0, 534691000.0, 537601000.0, 2900000.0, 775817000.0, 81054000.0, 3324000.0, 560047000.0, 212876000.0, 202790000.0, 226033000.0, 542963000.0, 22000.0, 10704000.0, 196966000.0, 2738000.0, 86132000.0, 546672000.0, 234382000.0, 203995000.0, 196415000.0, 25090000.0, 41084000.0, 224664000.0, 3742000.0, 13223000.0, 2522000.0, 217930000.0, 225838000.0, 198805000.0, 553937000.0, 121428000.0, 21000.0, 19870000.0, 275667000.0, 2591000.0, 80098000.0, 2305000.0, 3160000.0, 309768000.0, 267650000.0, 34490000.0, 22935000.0, 3133000.0, 81567000.0, 191421000.0, 2823000.0, 212535000.0]}