{"1": [1352500000.0, 912579000.0, 92816000.0, 368857000.0, 101591000.0, 1629768000.0, 101171000.0, 36000.0, 736441000.0, 965658000.0, 162844000.0, 301277000.0, 284242000.0, 103571000.0, 137386000.0, 95825000.0, 706815000.0, 38000.0, 12000.0, 11000.0, 729781000.0, 297266000.0, 726886000.0, 287916000.0, 184830000.0, 719928000.0, 38000.0, 290359000.0, 293153000.0, 380477000.0, 37000.0, 710529000.0, 365285000.0, 722706000.0, 36000.0, 291620000.0, 350018000.0, 727731000.0, 701665000.0, 35000.0, 12000.0, 12000.0, 705848000.0, 703548000.0, 770068000.0, 434369000.0, 712853000.0, 43000.0, 98728000.0, 37000.0, 37000.0, 14000.0, 298352000.0, 37000.0, 372107000.0, 765089000.0, 290940000.0, 286501000.0, 704732000.0, 37000.0, 12000.0, 256502999.99999997, 361300000.0, 127100999.99999999, 44335000.0, 48383000.0, 690440000.0, 91639000.0, 754694000.0, 316464000.0, 320175000.0, 337582000.0, 707178000.0, 322989000.0, 311132000.0, 709325000.0, 291411000.0, 286849000.0, 101357000.0, 360107000.0, 302716000.0, 302860000.0, 725618000.0, 709042000.0, 102929000.0, 357628000.0, 723949000.0, 47000.0, 293996000.0, 387466000.0, 36000.0, 100911000.0, 338451000.0, 101210000.0, 97459000.0, 104467000.0, 800768000.0, 37000.0, 49792000.0, 32000.0], "2": [13921000.0, 102769000.0, 22059000.0, 36568000.0, 14952000.0, 12972000.0, 24720000.0, 17945000.0, 266486000.0, 103257000.0, 51030000.0, 26163000.0, 22455000.0, 31136000.0, 14781000.0, 29609000.0, 7875000.0, 11063000.0, 16333000.0, 25926000.0, 27597000.0, 314778000.0, 294877000.0, 102405000.0, 31062000.0, 9116000.0, 18934000.0, 21010000.0, 31209000.0, 13734000.0, 1467000.0, 41601000.0, 17091000.0, 41158000.0, 174888000.0, 7946000.0, 766729000.0, 8205000.000000001, 12161000.0, 1537000.0, 52906000.0, 10554000.0, 1542000.0, 25614000.0, 1595000.0, 61445000.0, 21255000.0, 1779000.0, 1563000.0, 107835000.0, 1701000.0, 74411000.0, 1536000.0, 769213000.0, 1737000.0, 11354000.0, 1683000.0, 25828000.0, 1354000.0, 1455000.0, 23408000.0, 16056000.0, 1884000.0, 37476000.0, 18694000.0, 1567000.0, 43755000.0, 713895000.0, 20112000.0, 4621000.0, 16594000.000000002, 1601000.0, 14928000.0, 13938000.0, 322884000.0, 1865000.0, 120371000.0, 1550000.0, 77947000.0, 24063000.0, 37380000.0, 1685000.0, 16044000.0, 5927000.0, 17160000.0, 1411000.0, 36903000.0, 1540000.0, 18936000.0, 32973000.000000004, 1509000.0, 18755000.0, 1606000.0, 26672000.0, 2391000.0, 300989000.0, 361753000.0, 7258000.0, 1858000.0, 11366000.0], "3": [699543000.0, 680594000.0, 705406000.0, 313527000.0, 707145000.0, 24894000.0, 1512000.0, 1559000.0, 18543000.0, 23412000.0, 708091000.0, 730295000.0, 22591000.0, 723662000.0, 24806000.0, 109382000.0, 306269000.0, 1778000.0, 713075000.0, 54948000.0, 293511000.0, 10530000.0, 304898000.0, 11660000.0, 688316000.0, 294472000.0, 61339000.0, 698664000.0, 116835000.0, 680886000.0, 101885000.0, 13775000.0, 4669000.0, 5899000.0, 10153000.0, 1568000.0, 120093000.0, 707454000.0, 2255000.0, 170049000.0, 1849000.0, 49392000.0, 21400000.0, 304926000.0, 689183000.0, 2050999.9999999998, 696871000.0, 288246000.0, 773459000.0, 9505000.0, 1614000.0, 327198000.0, 298032000.0, 23586000.0, 102258000.0, 1785000.0, 22352000.0, 316242000.0, 9235000.0, 2381000.0, 5385000.0, 39754000.0, 1677000.0, 791104000.0, 2161000.0, 9263000.0, 1655000.0, 302071000.0, 1799000.0, 43458000.0, 22706000.0, 1677000.0, 303977000.0, 366685000.0, 34391000.0, 694752000.0, 299678000.0, 289451000.0, 106880000.0, 22875000.0, 2019000.0, 104394000.0, 366586000.0, 682163000.0, 4563000.0, 303582000.0, 33473999.999999996, 326364000.0, 104429000.0, 1925000.0, 683800000.0, 5097000.0, 686247000.0, 8378000.0, 296625000.0, 136074000.0, 37711000.0, 1694000.0, 29881000.0, 705016000.0]}