{"1": [344777000.0, 445051000.0, 730642000.0, 325030000.0, 307955000.0, 779638000.0, 301069000.0, 313864000.0, 308517000.0, 38000.0, 102138000.0, 306611000.0, 314875000.0, 323736000.0, 36000.0, 105002000.0, 703623000.0, 293747000.0, 16062000.0, 17350000.0, 53628000.0, 676915000.0, 293934000.0, 310143000.0, 1936000.0, 697232000.0, 39580000.0, 99573000.0, 37000.0, 296909000.0, 101284000.0, 92665000.0, 292241000.0, 34000.0, 677153000.0, 283643000.0, 300027000.0, 692995000.0, 371832000.0, 297596000.0, 34000.0, 693580000.0, 714739000.0, 39000.0, 726488000.0, 774666000.0, 101463000.0, 16084000.000000002, 695748000.0, 28561000.0, 2512000.0, 1624000.0, 305626000.0, 687785000.0, 37000.0, 342517000.0, 712648000.0, 2085000.0, 19000.0, 13000.0, 5028000.0, 690284000.0, 1928000.0, 121455000.0, 708155000.0, 98980000.0, 35000.0, 12000.0, 305648000.0, 700234000.0, 312079000.0, 35000.0, 92716000.0, 300457000.0, 687153000.0, 299665000.0, 285599000.0, 305746000.0, 35000.0, 308126000.0, 100042000.0, 695174000.0, 314365000.0, 715389000.0, 332086000.0, 95140000.0, 350727000.0, 743642000.0, 689989000.0, 20207000.0, 24000.0, 22451000.0, 93240000.0, 4007000.0, 319068000.0, 687488000.0, 291326000.0, 709013000.0, 955369000.0, 172339000.0], "2": [52813000.0, 1903000.0, 18764000.0, 12125000.0, 1980000.0, 33893000.0, 31475000.000000004, 2320000.0, 17856000.0, 6123000.0, 24374000.0, 2175000.0, 109088000.0, 3300000.0, 7549000.0, 20933000.0, 13033000.0, 318737000.0, 2366000.0, 1868000.0, 1732000.0, 10089000.0, 19695000.0, 15703000.000000002, 141086000.0, 2296000.0, 238339000.0, 703583000.0, 18217000.0, 1778000.0, 77669000.0, 1661000.0, 14067000.0, 1975000.0000000002, 9169000.0, 52845000.0, 2228000.0, 11595000.0, 14029000.0, 372499000.0, 16056000.0, 32844000.0, 19533000.0, 326410000.0, 360733000.0, 1842000.0, 716240000.0, 81870000.0, 9182000.0, 22797000.0, 9960000.0, 52228000.0, 15239000.0, 19101000.0, 1792000.0, 2217000.0, 1775000.0, 131749000.0, 12208000.0, 9656000.0, 7209000.0, 34945000.0, 1654000.0, 719249000.0, 2017999.9999999998, 10406000.0, 1987000.0, 8120000.000000001, 2273000.0, 103405000.0, 2191000.0, 24067000.0, 4598000.0, 2426000.0, 5361000.0, 11581000.0, 22481000.0, 1688000.0, 20622000.0, 2011000.0000000002, 15526000.0, 50308000.0, 18243000.0, 2029000.0, 9075000.0, 18462000.0, 1790000.0, 340291000.0, 2060000.0000000002, 2344000.0, 2023000.0, 17805000.0, 2311000.0, 10007000.0, 28535000.0, 19996000.0, 15730000.0, 17095000.0, 5224000.0, 16096000.0], "3": [105977000.0, 775567000.0, 106185000.0, 733900000.0, 365592000.0, 114027000.0, 4176000.0, 319738000.0, 689477000.0, 2017999.9999999998, 128376999.99999999, 29828000.0, 717444000.0, 4079000.0, 382648000.0, 152403000.0, 42287000.0, 708855000.0, 102139000.0, 672622000.0, 315680000.0, 698943000.0, 694039000.0, 301508000.0, 287619000.0, 103016000.0, 12148000.0, 168382000.0, 316541000.0, 24039000.0, 709670000.0, 361707000.0, 17017000.0, 314491000.0, 37728000.0, 716198000.0, 13911000.0, 1779000.0, 310542000.0, 2411000.0, 48525000.0, 298878000.0, 346206000.0, 803166000.0, 322988000.0, 3911000.0000000005, 2169000.0, 384321000.0, 861697000.0, 69528000.0, 302332000.0, 2370000.0, 7568000.0, 348302000.0, 11010000.0, 109028000.0, 695244000.0, 32009999.999999996, 313626000.0, 3302000.0, 24705000.0, 1968000.0000000002, 372547000.0, 334723000.0, 342667000.0, 339045000.0, 301558000.0, 9888000.0, 31835000.000000004, 11365000.0, 304897000.0, 98425000.0, 90058000.0, 38429000.0, 615934000.0, 807519000.0, 15851000.0, 76474000.0, 9470000.0, 4050000.0, 12756000.0, 3297000.0, 321733000.0, 364970000.0, 103595000.0, 7535000.0, 17625000.0, 678422000.0, 309168000.0, 2231000.0, 1878000.0, 118025000.0, 757017000.0, 299417000.0, 2032000.0, 357595000.0, 293448000.0, 106114000.0, 150841000.0, 94193000.0]}