{"1": [599393000.0, 146210000.0, 555353000.0, 265430999.99999997, 32000.0, 570755000.0, 528890000.0, 201302000.0, 522976000.0, 540505000.0, 470177000.0, 21000.0, 276768000.0, 76472000.0, 81451000.0, 218959000.0, 21000.0, 191364000.0, 251713000.00000003, 495391000.0, 22000.0, 475578000.0, 26188000.0, 214323000.0, 237614000.0, 78852000.0, 563112000.0, 242341000.0, 589232000.0, 22000.0, 84590000.0, 551636000.0, 237980000.0, 21000.0, 490575000.0, 526244999.99999994, 116660000.0, 191802000.0, 17000.0, 201285000.0, 224384000.0, 23000.0, 7000.0, 192019000.0, 20000.0, 222047000.0, 21000.0, 7000.0, 6000.0, 515711000.00000006, 22000.0, 474880000.0, 21000.0, 519507000.00000006, 76830000.0, 187927000.0, 485599000.0, 545564000.0, 19955000.0, 208211000.0, 204226000.0, 21000.0, 526190999.99999994, 21000.0, 8000.0, 214229000.0, 508667000.0, 79361000.0, 18000.0, 2565000.0, 78745000.0, 17000.0, 190989000.0, 543036000.0, 35130000.0, 205594000.0, 465798000.0, 77598000.0, 214911000.0, 242508000.0, 79701000.0, 44885000.0, 79938000.0, 208084000.0, 210357000.0, 743000.0, 224407000.0, 79011000.0, 208174000.0, 8343000.0, 80422000.0, 202889000.0, 214048000.0, 511238000.0, 83629000.0, 470280000.0, 499930000.0, 477439000.0, 41234000.0, 604168000.0], "2": [27000.0, 67000.0, 17000.0, 36000.0, 12000.0, 15000.0, 14000.0, 15000.0, 191071000.0, 41000.0, 15000.0, 9000.0, 13000.0, 21000.0, 12000.0, 8000.0, 33000.0, 223675000.0, 37000.0, 16000.0, 10000.0, 14000.0, 9000.0, 223725000.0, 233007000.0, 58000.0, 516246000.0, 28000.0, 33000.0, 190267000.0, 32000.0, 11000.0, 195746000.0, 44000.0, 19000.0, 25000.0, 13372000.0, 28000.0, 192084000.0, 33000.0, 11000.0, 625000.0, 527495999.99999994, 35000.0, 16000.0, 19000.0, 31000.0, 26000.0, 24000.0, 16000.0, 26000.0, 15000.0, 23000.0, 16000.0, 13000.0, 11000.0, 14000.0, 10000.0, 15000.0, 24000.0, 13000.0, 9000.0, 199000.0, 9000.0, 13000.0, 15000.0, 13000.0, 9000.0, 9000.0, 8000.0, 14000.0, 14000.0, 13000.0, 9000.0, 9000.0, 12000.0, 23000.0, 13000.0, 24000.0, 12000.0, 13000.0, 12000.0, 14000.0, 23000.0, 22000.0, 10000.0, 22000.0, 13000.0, 23000.0, 9000.0, 13000.0, 15000.0, 562558000.0, 33000.0, 12000.0, 9000.0, 15000.0, 13000.0, 26000.0, 13000.0], "3": [35000.0, 218943000.0, 226103000.0, 565097000.0, 7739000.0, 83190000.0, 228378000.0, 205979000.0, 34000.0, 12000.0, 225302000.0, 72000.0, 83805000.0, 50000.0, 19000.0, 25000.0, 13530000.0, 541161000.0, 206991000.0, 34000.0, 227971000.0, 242552000.0, 9295000.0, 88462000.0, 34000.0, 15000.0, 16000.0, 13000.0, 233131000.0, 3219000.0, 20617000.0, 26000.0, 12724000.0, 512090000.00000006, 36000.0, 500689999.99999994, 39000.0, 24212000.0, 76406000.0, 212962000.0, 194321000.0, 80083000.0, 464632000.0, 182821000.0, 184649000.0, 48000.0, 185672000.0, 470198000.0, 258967999.99999997, 80984000.0, 22177000.0, 37000.0, 11914000.0, 556251000.0, 50000.0, 2119000.0, 537974000.0, 28000.0, 19000.0, 15000.0, 17000.0, 83462000.0, 474099000.0, 499450000.0, 22000.0, 212102000.0, 35000.0, 15000.0, 17000.0, 511441000.00000006, 72000.0, 27000.0, 506896000.0, 196193000.0, 39000.0, 55000.0, 10000.0, 21000.0, 9000.0, 520773000.00000006, 41000.0, 13000.0, 15000.0, 11000.0, 10000.0, 18000.0, 510283000.00000006, 38000.0, 192532000.0, 22147000.0, 223440000.0, 125000.0, 211499000.0, 186455000.0, 23000.0, 17000.0, 11000.0, 81997000.0, 477745000.0, 30000.0]}