{"1": [253938000.0, 516758999.99999994, 233426000.0, 28000.0, 575382000.0, 41000.0, 96193000.0, 225039000.0, 626133000.0, 527421000.0, 1427000.0, 207444000.0, 560029000.0, 98861000.0, 219996000.0, 226876000.0, 306805000.0, 22000.0, 550521000.0, 205005000.0, 529672999.99999994, 235897000.0, 21000.0, 509857000.0, 226064000.0, 94867000.0, 225559000.0, 525132999.99999994, 508536000.0, 537079000.0, 226808000.0, 243593000.0, 301190000.0, 374318000.0, 22000.0, 530652000.0, 536560999.99999994, 22000.0, 107610000.0, 579450000.0, 22000.0, 7000.0, 221548000.0, 587700000.0, 602355000.0, 556098000.0, 241413000.0, 206497000.0, 22000.0, 7000.0, 115801000.0, 234098000.0, 249270000.0, 23000.0, 9000.0, 110805000.0, 22000.0, 7000.0, 8000.0, 6000.0, 7000.0, 7000.0, 662000.0, 221000000.0, 568903000.0, 23000.0, 7000.0, 7000.0, 249202000.0, 130360000.0, 16000.0, 224829000.0, 229633000.0, 523333999.99999994, 21000.0, 196642000.0, 487681000.0, 531651000.0, 21000.0, 220983000.0, 93850000.0, 260046000.0, 205836000.0, 505551000.0, 27000.0, 226843000.0, 21000.0, 8000.0, 7000.0, 6000.0, 45468000.0, 527780000.0, 25000.0, 517267000.00000006, 536741000.0, 43863000.0, 537670000.0, 224338000.0, 24000.0, 223661000.0], "2": [39000.0, 26000.0, 10000.0, 10000.0, 16000.0, 540779000.0, 39000.0, 15000.0, 235192000.0, 48000.0, 19000.0, 15000.0, 25000.0, 22000.0, 21000.0, 10000.0, 9000.0, 24000.0, 14000.0, 22000.0, 21000.0, 9000.0, 210788000.0, 43000.0, 11000.0, 7647000.0, 23000.0, 18000.0, 40000.0, 15000.0, 23000.0, 134134000.0, 32000.0, 23000.0, 9000.0, 6000.0, 17000.0, 11000.0, 7000.0, 7000.0, 11000.0, 10000.0, 9000.0, 11000.0, 18000.0, 7000.0, 259469999.99999997, 24000.0, 8000.0, 7000.0, 23000.0, 13000.0, 504980000.0, 216446000.0, 34000.0, 92872000.0, 29000.0, 13000.0, 22000.0, 12000.0, 10000.0, 10000.0, 18000.0, 11000.0, 8000.0, 10000.0, 17000.0, 11000.0, 7000.0, 10000.0, 9000.0, 10000.0, 537704000.0, 37000.0, 16000.0, 15000.0, 28000.0, 15000.0, 14000.0, 13000.0, 13000.0, 23000.0, 22000.0, 10000.0, 209252000.0, 13925000.0, 30000.0, 18000.0, 14000.0, 10000.0, 9000.0, 26000.0, 14000.0, 12000.0, 104301000.0, 31000.0, 15000.0, 230944000.0, 210742000.0, 25000.0], "3": [40000.0, 575577000.0, 28000.0, 228738000.0, 504625000.0, 101078000.0, 39000.0, 513814000.0, 222597000.0, 122368000.0, 218680000.0, 19000.0, 2697000.0, 23000.0, 13000.0, 88346000.0, 191560000.0, 30000.0, 86762000.0, 204117000.0, 239698000.0, 221900000.0, 8417000.0, 29000.0, 204726000.0, 23000.0, 17000.0, 23000.0, 517671000.0, 36000.0, 234988000.0, 218410000.0, 512637000.0, 530779000.0, 31000.0, 1810000.0, 8827000.0, 30000.0, 498228000.0, 491484000.0, 220379000.0, 89834000.0, 29000.0, 88772000.0, 231080000.0, 183000.0, 279718000.0, 21000.0, 27000.0, 88911000.0, 504961000.0, 42657000.0, 239902000.0, 43000.0, 25000.0, 285000.0, 101012000.0, 44000.0, 337016000.0, 2918000.0, 592060000.0, 229608000.0, 234939000.0, 88274000.0, 37000.0, 12000.0, 9000.0, 200816000.0, 241348000.0, 545384000.0, 23000.0, 529143999.99999994, 239830000.0, 39000.0, 491638000.0, 10864000.0, 240884000.0, 51000.0, 525765000.00000006, 220573000.0, 36000.0, 218766000.0, 233155000.0, 33000.0, 13000.0, 11000.0, 1983000.0, 556353000.0, 39000.0, 586913000.0, 28000.0, 580660000.0, 233542000.0, 31000.0, 10257000.0, 35000.0, 35000.0, 16000.0, 14000.0, 215040000.0]}