{"1": [33860000.0, 48213000.0, 50906000.0, 32051000.000000004, 39275000.0], "2": [70432000.0, 48554000.0, 36045000.0, 18421000.0, 65046999.99999999], "3": [33451417000.0, 26708570000.0, 26283458000.0, 27694984000.0, 32356457000.0]}